frames,k,selector,seed,vendi,n_fail,combo_cov,op_cov,day_cov,bal_acc,auroc,degenerate
4,16,fps,0,3.4395289421081543,9,10,5,5,0.515850144092219,0.5564018114450391,False
4,16,fps,1,3.39732027053833,6,9,5,4,0.4961095100864553,0.6132153149444216,False
4,16,fps,2,3.3645341396331787,8,10,5,4,0.515850144092219,0.562041992589543,False
4,16,fps,3,3.3509607315063477,7,9,5,5,0.5216755866611774,0.5470564018114451,False
4,16,fps,4,3.5009608268737793,8,9,4,5,0.5187319884726225,0.5695347879785919,False
4,16,fps,5,3.4403059482574463,7,9,5,5,0.521613832853026,0.5500205846027172,False
4,16,fps,6,3.4651753902435303,7,8,5,5,0.5201729106628242,0.56904075751338,False
4,16,fps,7,3.434967041015625,7,10,5,5,0.5087690407575134,0.592630712227254,False
4,16,fps,8,3.32067608833313,8,8,4,4,0.4703581720872787,0.5799094277480444,False
4,16,fps,9,3.443927526473999,7,10,5,4,0.5172910662824207,0.6533552902428983,False
4,16,fps,10,3.3614871501922607,6,9,5,5,0.49598600247015234,0.6125977768629066,False
4,16,fps,11,3.2788147926330566,9,9,5,5,0.515850144092219,0.5335117332235488,False
4,16,fps,12,3.3653147220611572,8,9,5,5,0.518793742280774,0.5999176615891313,False
4,16,fps,13,3.352207660675049,7,8,5,5,0.48633182379580076,0.5734046932894195,False
4,16,fps,14,3.2942357063293457,8,10,5,5,0.515850144092219,0.5410456978180321,False
4,16,fps,15,3.4671430587768555,6,10,5,5,0.5130918073281185,0.5574310415808975,False
4,16,fps,16,3.4562628269195557,7,10,5,4,0.5230547550432276,0.6301358583779333,False
4,16,fps,17,3.4655303955078125,5,9,5,5,0.5130918073281185,0.6128447920955126,False
4,16,fps,18,3.4084386825561523,6,9,5,4,0.500247015232606,0.5932894195142034,False
4,16,fps,19,3.41050386428833,7,9,5,5,0.5101482091395636,0.5819678880197612,False
4,16,kmedoid,0,1.9021341800689697,2,9,4,5,0.5542610127624537,0.7647591601482092,False
4,16,kmedoid,1,1.9158687591552734,1,9,5,5,0.5428571428571428,0.753067105804858,False
4,16,kmedoid,2,2.0922937393188477,1,9,5,5,0.512783038287361,0.556648826677645,False
4,16,kmedoid,3,1.8986388444900513,1,9,5,5,0.5156648826677646,0.617085220255249,False
4,16,kmedoid,4,2.041822671890259,0,8,5,5,0.5,0.5,True
4,16,random,0,2.0080530643463135,2,7,5,5,0.5756278303828736,0.6280362289007821,False
4,16,random,1,2.0386228561401367,2,7,3,3,0.5782009057225196,0.6404693289419514,False
4,16,random,2,1.8151904344558716,5,8,3,3,0.5602923013585838,0.5852202552490737,False
4,16,random,3,1.7300268411636353,2,8,3,3,0.5540345821325648,0.592507204610951,False
4,16,random,4,2.036936044692993,5,6,5,5,0.6624331000411692,0.7390284067517497,False
4,16,random,5,1.736615777015686,1,9,4,4,0.5495677233429395,0.5602305475504323,False
4,16,random,6,2.1160361766815186,5,8,5,5,0.6130506381226842,0.6795800741045698,False
4,16,random,7,2.3054094314575195,2,7,4,4,0.5298888431453272,0.5812680115273776,False
4,16,random,8,1.7159879207611084,3,7,4,4,0.5285920131741457,0.48452037875669,False
4,16,random,9,2.2846710681915283,2,7,4,4,0.5569575957184026,0.5554960889254837,False
4,16,random,10,1.7956839799880981,3,9,3,3,0.564738575545492,0.5894606834088102,False
4,16,random,11,2.0835819244384766,2,8,4,4,0.5642239604775627,0.6531906134211609,False
4,16,random,12,2.2304434776306152,1,8,4,4,0.5273363524083985,0.4862494853849321,False
4,16,random,13,1.760212779045105,2,8,3,3,0.6711198023878139,0.6945656648826678,False
4,16,random,14,1.8630561828613281,3,7,4,4,0.506401811445039,0.5333058871963771,False
4,16,random,15,1.8416295051574707,3,8,4,4,0.6217579250720462,0.6315356113627006,False
4,16,random,16,1.7980526685714722,3,8,3,3,0.6584808563194731,0.7205434335117333,False
4,16,random,17,1.7388408184051514,3,10,4,3,0.6449979415397282,0.6922190201729107,False
4,16,random,18,1.7743644714355469,3,7,5,4,0.5793948126801153,0.6052284890901606,False
4,16,random,19,1.818219780921936,4,8,4,4,0.6522025524907369,0.652079044874434,False
4,16,matched_random,0,1.9337302446365356,9,7,4,4,0.567682173734047,0.6142857142857143,False
4,16,matched_random,1,1.9752682447433472,6,8,5,4,0.5792095512556608,0.6304240428159736,False
4,16,matched_random,2,2.2733705043792725,8,9,5,5,0.6287155207904487,0.6736105393165911,False
4,16,matched_random,3,1.8521021604537964,7,9,4,4,0.5546109510086455,0.5586249485384931,False
4,16,matched_random,4,2.1436374187469482,8,8,3,4,0.6165706051873199,0.62972416632359,False
4,16,matched_random,5,1.9269545078277588,7,7,5,4,0.5482708933717579,0.5703993412927131,False
4,16,matched_random,6,1.8439878225326538,7,8,3,3,0.6792095512556607,0.7121449156031289,False
4,16,matched_random,7,1.8129466772079468,7,7,4,4,0.573466447097571,0.653931659118979,False
4,16,matched_random,8,1.8674904108047485,8,9,5,4,0.6335940716344174,0.6994648003293535,False
4,16,matched_random,9,2.418024778366089,7,8,4,5,0.5683820502264306,0.6083161794977358,False
4,16,matched_random,10,1.9538705348968506,6,7,4,3,0.5930629888843145,0.6021407986825855,False
4,16,matched_random,11,2.2885100841522217,9,9,5,5,0.5823178262659531,0.6929188966652944,False
4,16,matched_random,12,2.003293037414551,8,8,4,4,0.6076574722107864,0.6152326060107041,False
4,16,matched_random,13,2.4261634349823,7,8,5,5,0.5644503911074517,0.6463565253190614,False
4,16,matched_random,14,1.832409381866455,8,8,4,4,0.6420749279538905,0.7086867023466448,False
4,16,matched_random,15,1.8166264295578003,6,7,4,4,0.5920131741457391,0.622478386167147,False
4,16,matched_random,16,1.7865355014801025,7,8,4,4,0.6348497324001647,0.6225607245780156,False
4,16,matched_random,17,2.0436723232269287,5,8,5,3,0.7079662412515438,0.7540551667352821,False
4,16,matched_random,18,2.1828367710113525,6,8,5,5,0.5764717990942775,0.5948126801152738,False
4,16,matched_random,19,1.9160172939300537,7,8,5,3,0.6529024289831207,0.6808974886784686,False
4,32,fps,0,3.451066255569458,16,10,5,5,0.5304446274186908,0.693124742692466,False
4,32,fps,1,3.4094595909118652,12,10,5,5,0.617311650885138,0.6248662000823384,False
4,32,fps,2,3.381852865219116,15,10,5,5,0.5470975710168794,0.607986825854261,False
4,32,fps,3,3.3519091606140137,12,10,5,5,0.5493412927130507,0.6258954302181968,False
4,32,fps,4,3.3939146995544434,13,10,5,5,0.589193083573487,0.6904487443392342,False
4,32,fps,5,3.426117420196533,14,10,5,5,0.5486620008233841,0.6486208316179498,False
4,32,fps,6,3.4390103816986084,14,10,5,5,0.5297447509263071,0.6253602305475505,False
4,32,fps,7,3.433037281036377,14,10,5,5,0.5318032111980239,0.599135446685879,False
4,32,fps,8,3.4481325149536133,14,10,5,5,0.5404487443392343,0.6142445450802799,False
4,32,fps,9,3.453503370285034,17,10,5,5,0.538452037875669,0.6145738987237547,False
4,32,fps,10,3.4549107551574707,13,10,5,5,0.5432688349114863,0.6260601070399342,False
4,32,fps,11,3.469801902770996,15,10,5,5,0.5397694524495678,0.652696582955949,False
4,32,fps,12,3.428027391433716,14,10,5,5,0.5385137916838205,0.6277068752573076,False
4,32,fps,13,3.46907377243042,14,10,5,5,0.5405722519555373,0.6280362289007821,False
4,32,fps,14,3.3417766094207764,14,10,5,5,0.5297447509263071,0.6585426101276246,False
4,32,fps,15,3.4284229278564453,14,10,5,5,0.5537463976945245,0.6460271716755867,False
4,32,fps,16,3.4267661571502686,13,10,5,5,0.5681967888019761,0.6226430629888843,False
4,32,fps,17,3.412848949432373,14,10,5,5,0.5344997941539729,0.6195553725813092,False
4,32,fps,18,3.4420108795166016,14,10,5,5,0.5450185261424454,0.6202552490736928,False
4,32,fps,19,3.413083791732788,12,9,5,5,0.5696994648003293,0.6340057636887608,False
4,32,kmedoid,0,2.358135938644409,3,9,4,5,0.5498147385755455,0.6959242486620008,False
4,32,kmedoid,1,2.2370877265930176,3,9,5,5,0.5656648826677645,0.6567311650885138,False
4,32,kmedoid,2,2.2848761081695557,6,9,5,5,0.6110333470564018,0.6654178674351585,False
4,32,kmedoid,3,2.216413736343384,3,9,5,5,0.6553931659118979,0.7653355290242898,False
4,32,kmedoid,4,2.232408285140991,3,9,5,5,0.6013174145738988,0.6934540963359407,False
4,32,random,0,2.0965137481689453,5,9,5,5,0.5696171263894607,0.643104158089749,False
4,32,random,1,2.0138700008392334,9,9,3,3,0.6164265129682998,0.5834499794153973,False
4,32,random,2,2.114154100418091,6,8,4,5,0.6319884726224784,0.6856731165088514,False
4,32,random,3,2.1173737049102783,5,9,5,5,0.6027171675586661,0.6246603540551667,False
4,32,random,4,2.0674891471862793,7,10,5,5,0.5889872375463153,0.6449156031288596,False
4,32,random,5,1.9481481313705444,5,9,5,4,0.5817826265953068,0.5975710168793743,False
4,32,random,6,2.191622257232666,9,10,5,5,0.6120419925895431,0.6631535611362701,False
4,32,random,7,1.8562127351760864,3,10,4,4,0.571243310004117,0.6418279127212845,False
4,32,random,8,1.9231723546981812,6,10,4,4,0.7011939069575958,0.7418690819267187,False
4,32,random,9,2.1465134620666504,6,9,5,5,0.574454508027995,0.5944421572663647,False
4,32,random,10,2.0629093647003174,6,9,3,4,0.6445862494853849,0.7577603952243721,False
4,32,random,11,2.145965099334717,7,9,4,5,0.6936187731576781,0.7466447097571017,False
4,32,random,12,1.9310097694396973,9,10,4,3,0.6262041992589543,0.6616714697406341,False
4,32,random,13,2.205514430999756,5,9,4,4,0.6389872375463153,0.6765747221078634,False
4,32,random,14,2.192047119140625,7,9,4,5,0.6795183202964183,0.7263071222725401,False
4,32,random,15,2.217153310775757,7,9,4,4,0.5639769452449568,0.6558666117743928,False
4,32,random,16,1.8821053504943848,8,8,4,4,0.6161794977356937,0.6260601070399341,False
4,32,random,17,2.130734443664551,10,9,4,5,0.5684438040345821,0.6331823795800742,False
4,32,random,18,2.212205410003662,8,9,5,5,0.5859407163441746,0.6596130094689172,False
4,32,random,19,2.1045584678649902,2,9,4,4,0.584273363524084,0.6852614244545079,False
4,32,matched_random,0,2.0320534706115723,16,10,5,4,0.6419308357348703,0.693989296006587,False
4,32,matched_random,1,2.0034127235412598,12,9,4,3,0.6988266776451214,0.7513791683820503,False
4,32,matched_random,2,1.991176724433899,15,10,5,4,0.6476945244956772,0.6681350349938247,False
4,32,matched_random,3,2.044430732727051,12,9,5,4,0.6783244133388225,0.7433100041169205,False
4,32,matched_random,4,2.00270414352417,13,9,4,3,0.6236311239193084,0.6202140798682585,False
4,32,matched_random,5,2.105015993118286,14,10,5,4,0.5758336764100452,0.601605599011939,False
4,32,matched_random,6,2.405428171157837,14,10,5,5,0.6507822149032523,0.6973651708522025,False
4,32,matched_random,7,2.0708119869232178,14,9,5,4,0.6411074516261837,0.6742280773981062,False
4,32,matched_random,8,2.255204916000366,14,10,5,5,0.6333470564018114,0.668052696582956,False
4,32,matched_random,9,2.0534870624542236,17,9,5,4,0.6120625771922602,0.6683408810209963,False
4,32,matched_random,10,1.9811947345733643,13,9,5,4,0.655907780979827,0.6927542198435569,False
4,32,matched_random,11,2.0342042446136475,15,10,5,4,0.5882461918484974,0.648044462741869,False
4,32,matched_random,12,2.077054977416992,14,9,5,4,0.6919308357348704,0.7295183202964183,False
4,32,matched_random,13,2.329068422317505,14,10,5,5,0.6206875257307534,0.6414573898723755,False
4,32,matched_random,14,2.104658365249634,14,10,5,5,0.6582955948950185,0.7181144503911074,False
4,32,matched_random,15,2.3291521072387695,14,9,5,5,0.631206257719226,0.6514203375874846,False
4,32,matched_random,16,1.9902772903442383,13,10,5,4,0.6418690819267188,0.6779333058871962,False
4,32,matched_random,17,2.1484484672546387,14,10,5,5,0.6068546727048167,0.6275833676410045,False
4,32,matched_random,18,1.9903509616851807,14,10,5,4,0.6736311239193083,0.7219843557019349,False
4,32,matched_random,19,2.002772808074951,12,10,5,4,0.6293948126801152,0.6551255660765748,False
4,64,fps,0,3.2670645713806152,27,10,5,5,0.6196377109921778,0.7145327295183204,False
4,64,fps,1,3.2667226791381836,25,10,5,5,0.6605393165911898,0.7101687937422808,False
4,64,fps,2,3.271618127822876,27,10,5,5,0.6325442568958419,0.6972416632358995,False
4,64,fps,3,3.22300386428833,28,10,5,5,0.5876904075751338,0.7142857142857142,False
4,64,fps,4,3.2280991077423096,27,10,5,5,0.6327912721284479,0.7121037463976945,False
4,64,fps,5,3.16344952583313,24,10,5,5,0.667558666117744,0.7355701934952656,False
4,64,fps,6,3.2821900844573975,28,10,5,5,0.6214491560312886,0.6644709757101689,False
4,64,fps,7,3.2561850547790527,25,10,5,5,0.6057225195553726,0.6493618773157678,False
4,64,fps,8,3.2620797157287598,27,10,5,5,0.626904075751338,0.6903664059283655,False
4,64,fps,9,3.232456684112549,28,10,5,5,0.6354878550843969,0.7113627006998765,False
4,64,fps,10,3.302173137664795,25,10,5,5,0.6258954302181967,0.6876904075751339,False
4,64,fps,11,3.2847108840942383,29,10,5,5,0.6052284890901606,0.69287772745986,False
4,64,fps,12,3.2425973415374756,26,10,5,5,0.6244545080279951,0.6787978592013174,False
4,64,fps,13,3.285926342010498,28,10,5,5,0.6312268423219431,0.6895018526142445,False
4,64,fps,14,3.256791830062866,23,10,5,5,0.7077809798270893,0.7398517908604364,False
4,64,fps,15,3.259535074234009,29,10,5,5,0.6098600247015233,0.6839851790860437,False
4,64,fps,16,3.271545648574829,29,10,5,5,0.6259571840263483,0.6487031700288184,False
4,64,fps,17,3.2375259399414062,27,10,5,5,0.614121037463977,0.6884726224783863,False
4,64,fps,18,3.2377822399139404,26,10,5,5,0.6311033347056402,0.6999176615891313,False
4,64,fps,19,3.191028118133545,26,10,5,5,0.6144298065047344,0.6775627830382873,False
4,64,kmedoid,0,2.4352874755859375,11,10,5,5,0.6382873610539317,0.6797447509263073,False
4,64,kmedoid,1,2.550868511199951,14,10,5,5,0.699629477151091,0.7332647179909427,False
4,64,kmedoid,2,2.424774169921875,11,10,5,5,0.6610951008645534,0.7222725401399753,False
4,64,kmedoid,3,2.459080219268799,12,10,5,5,0.702696582955949,0.7535199670646356,False
4,64,kmedoid,4,2.5074870586395264,14,10,5,5,0.6356525319061341,0.7027995059695348,False
4,64,random,0,2.1617488861083984,11,10,5,5,0.6693701111568546,0.7375463153561136,False
4,64,random,1,2.1637768745422363,10,9,4,5,0.5879785920131742,0.6918896665294361,False
4,64,random,2,2.1951372623443604,17,10,5,5,0.7235693701111569,0.7551667352820091,False
4,64,random,3,2.2262589931488037,10,10,5,5,0.7035817208727871,0.7711815561959655,False
4,64,random,4,2.0879876613616943,18,10,5,4,0.7106010703993413,0.7675174969123096,False
4,64,random,5,2.1984822750091553,10,10,5,5,0.5985796624125155,0.6659530671058048,False
4,64,random,6,2.065812110900879,15,9,5,4,0.6864141622066694,0.7264306298888431,False
4,64,random,7,2.3008761405944824,11,9,5,5,0.6421778509674763,0.7519967064635652,False
4,64,random,8,1.9600889682769775,11,10,4,4,0.6893577603952243,0.7631123919308358,False
4,64,random,9,2.192575454711914,12,9,5,5,0.6168587896253602,0.6782214903252368,False
4,64,random,10,1.9843084812164307,10,10,5,4,0.7077809798270893,0.7736105393165913,False
4,64,random,11,2.0337462425231934,11,10,5,4,0.6481268011527377,0.7051049814738575,False
4,64,random,12,2.4250807762145996,18,9,5,5,0.6733223548785509,0.6910662824207493,False
4,64,random,13,2.140183925628662,17,9,4,5,0.7106010703993413,0.7184438040345821,False
4,64,random,14,2.1113622188568115,15,10,5,5,0.6618567311650885,0.7195553725813092,False
4,64,random,15,2.1282424926757812,15,10,5,5,0.6866611774392755,0.727006998764924,False
4,64,random,16,2.1312708854675293,17,10,5,5,0.725195553725813,0.7567723342939482,False
4,64,random,17,2.193768262863159,11,10,5,5,0.6443186496500617,0.6652943598188555,False
4,64,random,18,2.2222323417663574,20,10,5,5,0.6306504734458624,0.6906957595718404,False
4,64,random,19,2.1398839950561523,11,10,5,5,0.6107863318237958,0.65726636475916,False
4,64,matched_random,0,2.15231990814209,27,10,5,5,0.695944833264718,0.769411280362289,False
4,64,matched_random,1,2.254542112350464,25,10,5,5,0.7213256484149856,0.8057636887608068,False
4,64,matched_random,2,2.2332234382629395,27,10,5,5,0.7375463153561137,0.8044051049814739,False
4,64,matched_random,3,2.15187931060791,28,10,5,4,0.740798682585426,0.788307945656649,False
4,64,matched_random,4,2.3852360248565674,27,10,5,5,0.6505763688760806,0.694977356937011,False
4,64,matched_random,5,2.107600450515747,24,10,5,4,0.6347262247838616,0.6463565253190613,False
4,64,matched_random,6,2.419325828552246,28,10,5,5,0.7078427336352409,0.7656237134623302,False
4,64,matched_random,7,2.1563854217529297,25,10,5,4,0.6820296418279128,0.7179497735693701,False
4,64,matched_random,8,2.1115458011627197,27,10,5,4,0.7119184849732401,0.7699876492383697,False
4,64,matched_random,9,2.225553274154663,28,10,5,4,0.6763277068752573,0.6848909016055991,False
4,64,matched_random,10,2.2278313636779785,25,10,5,5,0.6456360642239605,0.7030876904075751,False
4,64,matched_random,11,2.2814178466796875,29,10,5,5,0.7050226430629889,0.70588719637711,False
4,64,matched_random,12,2.2171502113342285,26,9,4,5,0.6294565664882668,0.6732811856731165,False
4,64,matched_random,13,2.246567964553833,28,10,5,5,0.6806504734458625,0.7112803622890078,False
4,64,matched_random,14,2.2167463302612305,23,9,5,5,0.7021407986825854,0.7517496912309592,False
4,64,matched_random,15,2.25117564201355,29,10,5,5,0.6840881020996294,0.7057225195553726,False
4,64,matched_random,16,2.194249153137207,29,9,5,5,0.6319061342116097,0.654055166735282,False
4,64,matched_random,17,2.20759916305542,27,10,5,5,0.6490736928777274,0.7117743927542199,False
4,64,matched_random,18,2.2048065662384033,26,10,5,5,0.6826060107039934,0.7668587896253601,False
4,64,matched_random,19,2.24830961227417,26,10,5,5,0.6248250308769041,0.6277068752573075,False
4,128,fps,0,3.0370335578918457,50,10,5,5,0.6962536023054755,0.7342939481268012,False
4,128,fps,1,3.0439422130584717,50,10,5,5,0.6792095512556607,0.7242898312062577,False
4,128,fps,2,3.016674518585205,45,10,5,5,0.7136064223960478,0.719761218608481,False
4,128,fps,3,3.022324323654175,45,10,5,5,0.6832235487855085,0.7307533964594483,False
4,128,fps,4,3.032296895980835,51,10,5,5,0.699135446685879,0.7322354878550845,False
4,128,fps,5,3.0129787921905518,45,10,5,5,0.7208727871552079,0.7345821325648415,False
4,128,fps,6,3.038109302520752,49,10,5,5,0.6889872375463153,0.7147797447509264,False
4,128,fps,7,3.0186803340911865,46,10,5,5,0.6876698229724166,0.720296418279127,False
4,128,fps,8,3.037539005279541,48,10,5,5,0.6906751749691231,0.7294771510909839,False
4,128,fps,9,3.0449845790863037,51,10,5,5,0.7050226430629889,0.7445039110745163,False
4,128,fps,10,3.0539817810058594,48,10,5,5,0.69643886372993,0.7172087278715521,False
4,128,fps,11,3.0464868545532227,48,10,5,5,0.6904899135446686,0.70835734870317,False
4,128,fps,12,3.0271358489990234,49,10,5,5,0.6661177439275422,0.7128447920955125,False
4,128,fps,13,3.0335311889648438,48,10,5,5,0.7136681762041992,0.7335529024289831,False
4,128,fps,14,3.0275161266326904,48,10,5,5,0.6848497324001647,0.7279950596953478,False
4,128,fps,15,3.031552314758301,46,10,5,5,0.7064635652531905,0.7219431864965006,False
4,128,fps,16,3.043466806411743,50,10,5,5,0.6833470564018115,0.7047344586249485,False
4,128,fps,17,3.04006028175354,50,10,5,5,0.6946891724989708,0.7180321119802388,False
4,128,fps,18,3.0342600345611572,47,10,5,5,0.7062783038287361,0.7328941951420338,False
4,128,fps,19,3.024726629257202,45,10,5,5,0.7166117743927543,0.7201729106628242,False
4,128,kmedoid,0,2.7065563201904297,30,10,5,5,0.6939275421984356,0.709468917249897,False
4,128,kmedoid,1,2.6811540126800537,32,10,5,5,0.7096541786743515,0.7526965829559489,False
4,128,kmedoid,2,2.6108293533325195,33,10,5,5,0.7013174145738987,0.7270893371757926,False
4,128,kmedoid,3,2.6965882778167725,35,10,5,5,0.702696582955949,0.7249897076986414,False
4,128,kmedoid,4,2.6759419441223145,35,10,5,5,0.7139151914368053,0.7298476739398929,False
4,128,random,0,2.2755634784698486,25,10,5,5,0.6607245780156443,0.7149444215726637,False
4,128,random,1,2.226848602294922,28,10,5,5,0.7035817208727871,0.7103746397694524,False
4,128,random,2,2.1934876441955566,25,10,5,5,0.6735076163030054,0.702964182791272,False
4,128,random,3,2.337430477142334,24,10,5,5,0.730712227254014,0.8104158089748867,False
4,128,random,4,2.179191827774048,23,10,5,5,0.6924866200082338,0.7455331412103746,False
4,128,random,5,2.4166617393493652,24,9,5,5,0.7150473445862495,0.7533964594483327,False
4,128,random,6,2.3672995567321777,25,10,5,5,0.6735693701111568,0.7170852202552492,False
4,128,random,7,2.3853917121887207,22,10,5,5,0.7209345409633594,0.7667352820090573,False
4,128,random,8,2.2730982303619385,25,10,5,5,0.7253808151502676,0.7566488266776451,False
4,128,random,9,2.2150959968566895,25,10,5,5,0.717929188966653,0.7585014409221903,False
4,128,random,10,2.1841747760772705,22,10,5,5,0.6664265129682997,0.6747632770687525,False
4,128,random,11,2.224327564239502,30,10,5,5,0.7138534376286538,0.7832441333882256,False
4,128,random,12,2.238668441772461,25,9,5,5,0.7148003293536436,0.7852202552490737,False
4,128,random,13,2.4002528190612793,30,10,5,5,0.7248867846850556,0.7285714285714285,False
4,128,random,14,2.3506839275360107,29,10,5,5,0.7378550843968712,0.7872787155207904,False
4,128,random,15,2.2519774436950684,25,10,5,5,0.7206875257307535,0.7993001235076163,False
4,128,random,16,2.364285945892334,29,10,5,5,0.706154796212433,0.7861671469740634,False
4,128,random,17,2.188838481903076,19,10,5,5,0.6519555372581309,0.7177850967476328,False
4,128,random,18,2.326550245285034,25,10,5,5,0.7155619596541787,0.7888431453272952,False
4,128,random,19,2.341705799102783,27,10,5,5,0.69055166735282,0.7684232194318649,False
4,128,matched_random,0,2.399803400039673,50,10,5,5,0.711300946891725,0.8018526142445451,False
4,128,matched_random,1,2.2665295600891113,50,10,5,5,0.6371757925072046,0.7396871140386991,False
4,128,matched_random,2,2.4265639781951904,45,10,5,5,0.6723137093454097,0.7137505146150679,False
4,128,matched_random,3,2.41719388961792,45,10,5,5,0.7266364759160149,0.7970769864141622,False
4,128,matched_random,4,2.3692071437835693,51,10,5,5,0.7377315767805681,0.8002881844380404,False
4,128,matched_random,5,2.369880199432373,45,10,5,5,0.7321531494442157,0.7623301770275834,False
4,128,matched_random,6,2.266176223754883,49,10,5,5,0.7306504734458625,0.7376698229724167,False
4,128,matched_random,7,2.3552920818328857,46,10,5,5,0.7067723342939481,0.7593659942363113,False
4,128,matched_random,8,2.3763813972473145,48,10,5,5,0.7006381226842322,0.7186908192671881,False
4,128,matched_random,9,2.4337539672851562,51,10,5,5,0.7478180321119803,0.782420749279539,False
4,128,matched_random,10,2.3540561199188232,48,10,5,5,0.6976327706875258,0.7657883902840675,False
4,128,matched_random,11,2.428203582763672,48,10,5,5,0.7451832029641828,0.807986825854261,False
4,128,matched_random,12,2.3969311714172363,49,10,5,5,0.7631741457389872,0.8301770275833676,False
4,128,matched_random,13,2.2986257076263428,48,10,5,5,0.7131123919308358,0.7664882667764512,False
4,128,matched_random,14,2.265390634536743,48,10,5,5,0.6792095512556607,0.715356113627007,False
4,128,matched_random,15,2.4196813106536865,46,10,5,5,0.6894195142033759,0.7513791683820502,False
4,128,matched_random,16,2.2684590816497803,50,10,5,5,0.6634211609715932,0.6988472622478386,False
4,128,matched_random,17,2.379810333251953,50,10,5,5,0.6907369287772746,0.7074927953890491,False
4,128,matched_random,18,2.432969331741333,47,10,5,5,0.7248250308769041,0.7555784273363524,False
4,128,matched_random,19,2.3492844104766846,45,10,5,5,0.6976945244956771,0.7683820502264306,False
8,16,fps,0,3.103512763977051,11,10,5,5,0.515850144092219,0.49481268011527374,False
8,16,fps,1,2.9979000091552734,8,9,5,4,0.5130918073281185,0.6347468093865788,False
8,16,fps,2,2.959399461746216,10,10,5,5,0.515850144092219,0.5504734458624949,False
8,16,fps,3,2.946489095687866,10,9,5,5,0.5132153149444215,0.5652120214079869,False
8,16,fps,4,2.982255697250366,9,10,5,5,0.506134211609716,0.6194318649650062,False
8,16,fps,5,3.005924940109253,9,8,5,5,0.5121449156031288,0.6230547550432276,False
8,16,fps,6,3.053161382675171,9,9,5,4,0.515850144092219,0.5738163853437629,False
8,16,fps,7,2.926283836364746,8,9,5,5,0.5167764512144916,0.6087278715520792,False
8,16,fps,8,2.9911410808563232,8,9,5,5,0.4977768629065459,0.5715520790448745,False
8,16,fps,9,3.021433115005493,9,8,5,5,0.4993618773157678,0.6418279127212845,False
8,16,fps,10,3.017871141433716,7,9,5,5,0.48476739398929597,0.6017702758336764,False
8,16,fps,11,2.935439109802246,11,10,5,5,0.5201729106628242,0.5411692054343351,False
8,16,fps,12,3.042003631591797,10,10,5,5,0.5172910662824207,0.5301358583779333,False
8,16,fps,13,3.0089950561523438,8,9,5,5,0.539440098806093,0.5876492383696995,False
8,16,fps,14,2.9366228580474854,8,9,5,5,0.5325648414985591,0.5922190201729107,False
8,16,fps,15,3.015695810317993,9,8,5,5,0.5335117332235487,0.5771510909839441,False
8,16,fps,16,2.841374397277832,10,9,5,5,0.5298682585426101,0.5668176204199259,False
8,16,fps,17,3.036384105682373,9,9,5,5,0.5087690407575134,0.5277480444627418,False
8,16,fps,18,3.0955288410186768,8,10,5,5,0.5130712227254014,0.5698229724166324,False
8,16,fps,19,3.0482466220855713,9,9,5,4,0.5087690407575134,0.5737340469328941,False
8,16,kmedoid,0,2.214914083480835,2,9,4,5,0.6811445039110745,0.7818443804034583,False
8,16,kmedoid,1,1.8512474298477173,1,9,5,5,0.5428571428571428,0.7636064223960477,False
8,16,kmedoid,2,1.883310317993164,1,9,5,5,0.55,0.7574722107863318,False
8,16,kmedoid,3,1.8685287237167358,1,9,5,5,0.5171058048579662,0.6246603540551667,False
8,16,kmedoid,4,2.1004862785339355,1,9,5,5,0.5428571428571428,0.7643062988884314,False
8,16,random,0,1.8460066318511963,2,7,5,5,0.5756278303828736,0.6280362289007821,False
8,16,random,1,1.9234369993209839,2,7,3,3,0.5782009057225196,0.6404693289419514,False
8,16,random,2,1.6661279201507568,5,8,3,3,0.5602923013585838,0.5852202552490737,False
8,16,random,3,1.5689762830734253,2,8,3,3,0.5540345821325648,0.592507204610951,False
8,16,random,4,1.9439396858215332,5,6,5,5,0.6624331000411692,0.7390284067517497,False
8,16,random,5,1.6394400596618652,1,9,4,4,0.5495677233429395,0.5602305475504323,False
8,16,random,6,1.9712085723876953,5,8,5,5,0.6130506381226842,0.6795800741045698,False
8,16,random,7,2.177356004714966,2,7,4,4,0.5298888431453272,0.5812680115273776,False
8,16,random,8,1.6211665868759155,3,7,4,4,0.5285920131741457,0.48452037875669,False
8,16,random,9,2.12608003616333,2,7,4,4,0.5569575957184026,0.5554960889254837,False
8,16,random,10,1.6486623287200928,3,9,3,3,0.564738575545492,0.5894606834088102,False
8,16,random,11,1.9758434295654297,2,8,4,4,0.5642239604775627,0.6531906134211609,False
8,16,random,12,2.1113948822021484,1,8,4,4,0.5273363524083985,0.4862494853849321,False
8,16,random,13,1.6257447004318237,2,8,3,3,0.6711198023878139,0.6945656648826678,False
8,16,random,14,1.6844475269317627,3,7,4,4,0.506401811445039,0.5333058871963771,False
8,16,random,15,1.6907455921173096,3,8,4,4,0.6217579250720462,0.6315356113627006,False
8,16,random,16,1.6202809810638428,3,8,3,3,0.6584808563194731,0.7205434335117333,False
8,16,random,17,1.6375491619110107,3,10,4,3,0.6449979415397282,0.6922190201729107,False
8,16,random,18,1.6710922718048096,3,7,5,4,0.5793948126801153,0.6052284890901606,False
8,16,random,19,1.679890751838684,4,8,4,4,0.6522025524907369,0.652079044874434,False
8,16,matched_random,0,1.910535454750061,11,8,5,4,0.5901811445039111,0.6142857142857143,False
8,16,matched_random,1,1.809943437576294,8,9,5,4,0.6823384108686702,0.7102511321531495,False
8,16,matched_random,2,2.026510715484619,10,9,4,4,0.6257719226018938,0.6477151090983944,False
8,16,matched_random,3,1.8098409175872803,10,8,4,4,0.5731576780568135,0.677521613832853,False
8,16,matched_random,4,1.9478181600570679,9,7,4,5,0.6254013997529848,0.6855907780979827,False
8,16,matched_random,5,1.9228687286376953,9,8,5,4,0.6015850144092219,0.6505969534787979,False
8,16,matched_random,6,1.7925243377685547,9,7,5,4,0.636743515850144,0.6455331412103748,False
8,16,matched_random,7,1.6805498600006104,8,8,3,3,0.6357554549197201,0.7030465212021407,False
8,16,matched_random,8,1.7720050811767578,8,9,5,4,0.6335940716344174,0.6994648003293535,False
8,16,matched_random,9,1.83462393283844,9,9,4,4,0.5888637299300123,0.6478386167146974,False
8,16,matched_random,10,2.023735284805298,7,7,4,4,0.6068546727048167,0.6570193495265542,False
8,16,matched_random,11,1.8119165897369385,11,8,5,4,0.5601893783449979,0.6047344586249486,False
8,16,matched_random,12,2.1658828258514404,10,9,3,4,0.6295183202964183,0.693371757925072,False
8,16,matched_random,13,2.034196138381958,8,8,5,5,0.509818855496089,0.5382461918484973,False
8,16,matched_random,14,1.7500554323196411,8,8,4,4,0.6420749279538905,0.7086867023466448,False
8,16,matched_random,15,1.7772326469421387,9,9,5,4,0.5529230135858378,0.6220255249073693,False
8,16,matched_random,16,1.9180010557174683,10,8,4,4,0.6205640181144504,0.6317002881844379,False
8,16,matched_random,17,1.7979074716567993,9,8,5,4,0.6143680526965829,0.6088102099629478,False
8,16,matched_random,18,2.063331127166748,8,9,5,5,0.5158913132976534,0.5982297241663236,False
8,16,matched_random,19,1.8583537340164185,9,7,4,4,0.5855496088925484,0.6513791683820502,False
8,32,fps,0,2.9831364154815674,16,10,5,5,0.5404487443392343,0.633923425277892,False
8,32,fps,1,2.941765069961548,15,10,5,5,0.5940098806093043,0.6693701111568546,False
8,32,fps,2,2.8925740718841553,18,10,5,5,0.5564841498559078,0.6256072457801565,False
8,32,fps,3,3.0555527210235596,16,10,5,5,0.5566076574722107,0.6289007822149033,False
8,32,fps,4,2.978062152862549,16,10,5,5,0.6015232606010703,0.6000411692054343,False
8,32,fps,5,3.068887233734131,16,10,5,5,0.5306710580485796,0.6013174145738986,False
8,32,fps,6,2.9948418140411377,15,10,5,5,0.590057636887608,0.6074104569781803,False
8,32,fps,7,3.016129732131958,16,10,5,5,0.5351790860436394,0.5931247426924661,False
8,32,fps,8,3.119793653488159,14,10,5,5,0.526657060518732,0.5940716344174557,False
8,32,fps,9,3.0638339519500732,15,10,5,5,0.5720255249073692,0.6483326471799095,False
8,32,fps,10,2.9776391983032227,16,10,5,5,0.5537258130918072,0.6421572663647591,False
8,32,fps,11,3.0023491382598877,16,10,5,5,0.5420749279538905,0.606628242074928,False
8,32,fps,12,2.9433178901672363,16,10,5,5,0.5536640592836559,0.6139151914368052,False
8,32,fps,13,2.992793321609497,15,10,5,5,0.5582955948950186,0.6059283655825443,False
8,32,fps,14,3.100459337234497,17,10,5,5,0.5314944421572664,0.5897076986414163,False
8,32,fps,15,3.0865092277526855,14,9,5,5,0.5365582544256895,0.6095100864553313,False
8,32,fps,16,2.949481248855591,16,10,5,5,0.5477768629065459,0.6130918073281186,False
8,32,fps,17,2.9116294384002686,17,10,5,5,0.542136681762042,0.6084396871140387,False
8,32,fps,18,2.946605682373047,17,10,5,5,0.5841704405104982,0.616467682173734,False
8,32,fps,19,2.9568331241607666,16,10,5,5,0.5435158501440922,0.5870317002881844,False
8,32,kmedoid,0,2.1375253200531006,3,9,5,5,0.6009468917249897,0.6099217785096748,False
8,32,kmedoid,1,2.0222506523132324,4,9,5,5,0.6698023878139152,0.7302593659942362,False
8,32,kmedoid,2,2.284611701965332,4,9,5,5,0.677645121449156,0.7221490325236724,False
8,32,kmedoid,3,2.12294864654541,3,9,5,5,0.5628447920955125,0.6027583367641005,False
8,32,kmedoid,4,2.2486987113952637,3,9,5,5,0.5785714285714285,0.6646768217373406,False
8,32,random,0,1.9233039617538452,5,9,5,5,0.5696171263894607,0.643104158089749,False
8,32,random,1,1.8354452848434448,9,9,3,3,0.6164265129682998,0.5834499794153973,False
8,32,random,2,1.9728397130966187,6,8,4,5,0.6319884726224784,0.6856731165088514,False
8,32,random,3,1.9960297346115112,5,9,5,5,0.6027171675586661,0.6246603540551667,False
8,32,random,4,1.9378355741500854,7,10,5,5,0.5889872375463153,0.6449156031288596,False
8,32,random,5,1.7856613397598267,5,9,5,4,0.5817826265953068,0.5975710168793743,False
8,32,random,6,2.028808355331421,9,10,5,5,0.6120419925895431,0.6631535611362701,False
8,32,random,7,1.7197476625442505,3,10,4,4,0.571243310004117,0.6418279127212845,False
8,32,random,8,1.7692984342575073,6,10,4,4,0.7011939069575958,0.7418690819267187,False
8,32,random,9,1.9539124965667725,6,9,5,5,0.574454508027995,0.5944421572663647,False
8,32,random,10,1.897675633430481,6,9,3,4,0.6445862494853849,0.7577603952243721,False
8,32,random,11,2.0162651538848877,7,9,4,5,0.6936187731576781,0.7466447097571017,False
8,32,random,12,1.804937720298767,9,10,4,3,0.6262041992589543,0.6616714697406341,False
8,32,random,13,2.038926839828491,5,9,4,4,0.6389872375463153,0.6765747221078634,False
8,32,random,14,2.014035224914551,7,9,4,5,0.6795183202964183,0.7263071222725401,False
8,32,random,15,2.04849910736084,7,9,4,4,0.5639769452449568,0.6558666117743928,False
8,32,random,16,1.7272452116012573,8,8,4,4,0.6161794977356937,0.6260601070399341,False
8,32,random,17,1.9987789392471313,10,9,4,5,0.5684438040345821,0.6331823795800742,False
8,32,random,18,2.0615079402923584,8,9,5,5,0.5859407163441746,0.6596130094689172,False
8,32,random,19,1.9392255544662476,2,9,4,4,0.584273363524084,0.6852614244545079,False
8,32,matched_random,0,1.9035723209381104,16,10,5,4,0.6419308357348703,0.693989296006587,False
8,32,matched_random,1,1.9488587379455566,15,10,5,4,0.6896047756278304,0.676039522437217,False
8,32,matched_random,2,1.8798248767852783,18,9,5,4,0.6416838205022644,0.6983944009880609,False
8,32,matched_random,3,1.930313229560852,16,9,5,4,0.6677439275421985,0.7012762453684646,False
8,32,matched_random,4,2.094775915145874,16,8,5,5,0.6277068752573075,0.6202964182791272,False
8,32,matched_random,5,1.898257851600647,16,9,4,4,0.5996500617538082,0.6452449567723343,False
8,32,matched_random,6,1.983128547668457,15,10,5,4,0.6287978592013175,0.7548373816385344,False
8,32,matched_random,7,1.9560414552688599,16,10,5,4,0.6463771099217785,0.6267188143268836,False
8,32,matched_random,8,2.1197409629821777,14,10,5,5,0.6333470564018114,0.668052696582956,False
8,32,matched_random,9,1.8537760972976685,15,10,5,4,0.652346644709757,0.6734046932894195,False
8,32,matched_random,10,1.8338929414749146,16,9,4,4,0.6379991766158913,0.6905722519555372,False
8,32,matched_random,11,2.0595457553863525,16,10,5,5,0.7034582132564842,0.7636064223960478,False
8,32,matched_random,12,1.8820033073425293,16,9,3,3,0.6968917249897078,0.7370111156854673,False
8,32,matched_random,13,2.194080352783203,15,10,5,5,0.6431864965006175,0.692630712227254,False
8,32,matched_random,14,1.9020403623580933,17,9,4,4,0.5913750514615068,0.6355290242898313,False
8,32,matched_random,15,2.172107696533203,14,9,5,5,0.631206257719226,0.6514203375874846,False
8,32,matched_random,16,2.271505117416382,16,10,5,5,0.5937628653766982,0.6507616303005351,False
8,32,matched_random,17,2.0759263038635254,17,8,5,4,0.5614862083161796,0.6123095924248662,False
8,32,matched_random,18,2.108423948287964,17,10,5,5,0.6820296418279128,0.7572663647591601,False
8,32,matched_random,19,1.8643289804458618,16,10,5,4,0.6319678880197612,0.6116920543433513,False
8,64,fps,0,2.8100333213806152,33,10,5,5,0.6231988472622478,0.6889254837381639,False
8,64,fps,1,2.8100903034210205,32,10,5,5,0.6290242898312063,0.6603952243721696,False
8,64,fps,2,2.8446578979492188,29,10,5,5,0.6373610539316592,0.6734046932894194,False
8,64,fps,3,2.8697073459625244,31,10,5,5,0.6086661177439275,0.6643474680938658,False
8,64,fps,4,2.9101486206054688,32,10,5,5,0.6376698229724166,0.6613832853025937,False
8,64,fps,5,2.8819658756256104,30,10,5,5,0.6376698229724166,0.6518731988472624,False
8,64,fps,6,2.834469795227051,32,10,5,5,0.6552079044874434,0.6653355290242898,False
8,64,fps,7,2.8592069149017334,32,10,5,5,0.6373610539316592,0.6758336764100452,False
8,64,fps,8,2.890268564224243,31,10,5,5,0.6361671469740634,0.6868258542610127,False
8,64,fps,9,2.8447468280792236,33,10,5,5,0.6405516673528201,0.6698641416220668,False
8,64,fps,10,2.88923716545105,31,10,5,5,0.6113627006998765,0.6731165088513792,False
8,64,fps,11,2.8983891010284424,34,10,5,5,0.5985796624125155,0.6796212433100042,False
8,64,fps,12,2.8505172729492188,33,10,5,5,0.5842939481268011,0.661424454508028,False
8,64,fps,13,2.8775415420532227,30,10,5,5,0.6564018114450391,0.6781803211198023,False
8,64,fps,14,2.8070461750030518,31,10,5,5,0.662041992589543,0.7067105804857966,False
8,64,fps,15,2.808795213699341,32,10,5,5,0.630465212021408,0.6753808151502675,False
8,64,fps,16,2.8504796028137207,30,10,5,5,0.62739810621655,0.6855907780979827,False
8,64,fps,17,2.814295530319214,33,10,5,5,0.5942568958419103,0.6527789213668176,False
8,64,fps,18,2.804755926132202,33,10,5,5,0.6519555372581309,0.698270893371758,False
8,64,fps,19,2.8810720443725586,32,10,5,5,0.6318443804034581,0.6807328118567312,False
8,64,kmedoid,0,2.307692289352417,18,10,5,5,0.6583985179086044,0.7082750102923014,False
8,64,kmedoid,1,2.2256805896759033,13,9,5,5,0.6868464388637299,0.7473857554549197,False
8,64,kmedoid,2,2.236154317855835,14,10,5,5,0.7027583367641005,0.7446685878962536,False
8,64,kmedoid,3,2.238567352294922,8,10,5,5,0.6210580485796624,0.68793742280774,False
8,64,kmedoid,4,2.2727255821228027,7,9,5,5,0.6240634005763689,0.7586661177439276,False
8,64,random,0,1.9752230644226074,11,10,5,5,0.6693701111568546,0.7375463153561136,False
8,64,random,1,1.9987465143203735,10,9,4,5,0.5879785920131742,0.6918896665294361,False
8,64,random,2,2.026144504547119,17,10,5,5,0.7235693701111569,0.7551667352820091,False
8,64,random,3,2.0256175994873047,10,10,5,5,0.7035817208727871,0.7711815561959655,False
8,64,random,4,1.927233099937439,18,10,5,4,0.7106010703993413,0.7675174969123096,False
8,64,random,5,2.014394998550415,10,10,5,5,0.5985796624125155,0.6659530671058048,False
8,64,random,6,1.9248496294021606,15,9,5,4,0.6864141622066694,0.7264306298888431,False
8,64,random,7,2.1069695949554443,11,9,5,5,0.6421778509674763,0.7519967064635652,False
8,64,random,8,1.8128267526626587,11,10,4,4,0.6893577603952243,0.7631123919308358,False
8,64,random,9,2.0161895751953125,12,9,5,5,0.6168587896253602,0.6782214903252368,False
8,64,random,10,1.793471336364746,10,10,5,4,0.7077809798270893,0.7736105393165913,False
8,64,random,11,1.8511042594909668,11,10,5,4,0.6481268011527377,0.7051049814738575,False
8,64,random,12,2.2495851516723633,18,9,5,5,0.6733223548785509,0.6910662824207493,False
8,64,random,13,1.9838769435882568,17,9,4,5,0.7106010703993413,0.7184438040345821,False
8,64,random,14,1.9106252193450928,15,10,5,5,0.6618567311650885,0.7195553725813092,False
8,64,random,15,1.9574143886566162,15,10,5,5,0.6866611774392755,0.727006998764924,False
8,64,random,16,1.9862595796585083,17,10,5,5,0.725195553725813,0.7567723342939482,False
8,64,random,17,2.0062923431396484,11,10,5,5,0.6443186496500617,0.6652943598188555,False
8,64,random,18,2.0353682041168213,20,10,5,5,0.6306504734458624,0.6906957595718404,False
8,64,random,19,1.9831838607788086,11,10,5,5,0.6107863318237958,0.65726636475916,False
8,64,matched_random,0,2.145399570465088,33,10,5,5,0.7194936187731578,0.7636887608069164,False
8,64,matched_random,1,2.278310775756836,32,10,5,5,0.6924454508027995,0.7806916426512969,False
8,64,matched_random,2,2.1263198852539062,29,10,5,5,0.6995059695347879,0.7437628653766983,False
8,64,matched_random,3,2.101020574569702,31,10,5,5,0.6787772745986003,0.7091807328118567,False
8,64,matched_random,4,2.2344532012939453,32,10,5,5,0.658727871552079,0.7204610951008646,False
8,64,matched_random,5,2.176457166671753,30,10,5,5,0.6639769452449568,0.6979003705228489,False
8,64,matched_random,6,2.307002067565918,32,10,5,5,0.6730753396459448,0.7268423219431865,False
8,64,matched_random,7,2.01174259185791,32,10,5,4,0.7031494442157267,0.743104158089749,False
8,64,matched_random,8,1.9762178659439087,31,10,5,4,0.6346644709757101,0.6932070811033347,False
8,64,matched_random,9,2.2123935222625732,33,10,5,5,0.6443186496500617,0.7340057636887608,False
8,64,matched_random,10,2.0524797439575195,31,10,5,5,0.680218196788802,0.7417455743104158,False
8,64,matched_random,11,2.199296236038208,34,10,5,5,0.7066488266776452,0.7300535199670647,False
8,64,matched_random,12,2.0538828372955322,33,10,5,4,0.678015644298065,0.7121860848085633,False
8,64,matched_random,13,2.063561201095581,30,10,5,5,0.6794771510909839,0.7486208316179497,False
8,64,matched_random,14,2.2820684909820557,31,10,5,5,0.680341704405105,0.729477151090984,False
8,64,matched_random,15,2.107475996017456,32,10,5,5,0.6609921778509675,0.722478386167147,False
8,64,matched_random,16,2.016815423965454,30,10,5,5,0.643124742692466,0.7032935364347469,False
8,64,matched_random,17,2.170576572418213,33,10,5,5,0.6487031700288184,0.7213256484149855,False
8,64,matched_random,18,1.9610315561294556,33,10,5,4,0.674207492795389,0.7379580074104569,False
8,64,matched_random,19,2.2275707721710205,32,10,5,5,0.6800329353643475,0.7335529024289832,False
8,128,fps,0,2.6380138397216797,48,10,5,5,0.6736928777274599,0.6990942774804447,False
8,128,fps,1,2.6683285236358643,51,10,5,5,0.6735693701111568,0.6918073281185673,False
8,128,fps,2,2.648458957672119,48,10,5,5,0.7022643062988885,0.7242486620008234,False
8,128,fps,3,2.6551692485809326,52,10,5,5,0.6879168382050227,0.6821325648414985,False
8,128,fps,4,2.6584038734436035,49,10,5,5,0.6923631123919308,0.7152326060107039,False
8,128,fps,5,2.6374599933624268,48,10,5,5,0.7038287361053932,0.6999588307945657,False
8,128,fps,6,2.6744959354400635,51,10,5,5,0.6822149032523672,0.6953067105804859,False
8,128,fps,7,2.6516215801239014,51,10,5,5,0.6907369287772746,0.7213668176204201,False
8,128,fps,8,2.645808696746826,51,10,5,5,0.6864759160148209,0.7133799917661588,False
8,128,fps,9,2.6460888385772705,51,10,5,5,0.7008851379168382,0.7149444215726636,False
8,128,fps,10,2.6539700031280518,54,10,5,5,0.6677439275421985,0.7036228900782215,False
8,128,fps,11,2.6557633876800537,52,10,5,5,0.6793330588719637,0.7006587072869493,False
8,128,fps,12,2.6561408042907715,52,10,5,5,0.699382461918485,0.7188966652943598,False
8,128,fps,13,2.6632933616638184,51,10,5,5,0.7109098394400988,0.7184849732400165,False
8,128,fps,14,2.6503453254699707,49,10,5,5,0.6722519555372581,0.6962536023054755,False
8,128,fps,15,2.630213737487793,50,10,5,5,0.672128447920955,0.7080691642651297,False
8,128,fps,16,2.6556410789489746,52,10,5,5,0.6892960065870728,0.7035405516673529,False
8,128,fps,17,2.6637656688690186,52,10,5,5,0.6475710168793742,0.6831206257719227,False
8,128,fps,18,2.6476175785064697,50,10,5,5,0.693742280773981,0.7010703993412927,False
8,128,fps,19,2.660637378692627,52,10,5,5,0.6764512144915602,0.7027995059695348,False
8,128,kmedoid,0,2.414234161376953,36,10,5,5,0.7253808151502676,0.6992177850967476,False
8,128,kmedoid,1,2.4017202854156494,30,10,5,5,0.7340881020996295,0.7277892136681762,False
8,128,kmedoid,2,2.435396671295166,36,10,5,5,0.725195553725813,0.7475504322766571,False
8,128,kmedoid,3,2.3609697818756104,28,10,5,5,0.7211198023878138,0.7330588719637711,False
8,128,kmedoid,4,2.450575590133667,38,10,5,5,0.7525113215314945,0.7549197200494031,False
8,128,random,0,2.075944185256958,25,10,5,5,0.6607245780156443,0.7149444215726637,False
8,128,random,1,2.0338644981384277,28,10,5,5,0.7035817208727871,0.7103746397694524,False
8,128,random,2,1.9968829154968262,25,10,5,5,0.6735076163030054,0.702964182791272,False
8,128,random,3,2.1307194232940674,24,10,5,5,0.730712227254014,0.8104158089748867,False
8,128,random,4,1.9872548580169678,23,10,5,5,0.6924866200082338,0.7455331412103746,False
8,128,random,5,2.186690092086792,24,9,5,5,0.7150473445862495,0.7533964594483327,False
8,128,random,6,2.129051923751831,25,10,5,5,0.6735693701111568,0.7170852202552492,False
8,128,random,7,2.140263319015503,22,10,5,5,0.7209345409633594,0.7667352820090573,False
8,128,random,8,2.086247205734253,25,10,5,5,0.7253808151502676,0.7566488266776451,False
8,128,random,9,2.0315446853637695,25,10,5,5,0.717929188966653,0.7585014409221903,False
8,128,random,10,1.985737681388855,22,10,5,5,0.6664265129682997,0.6747632770687525,False
8,128,random,11,2.056764602661133,30,10,5,5,0.7138534376286538,0.7832441333882256,False
8,128,random,12,2.0484230518341064,25,9,5,5,0.7148003293536436,0.7852202552490737,False
8,128,random,13,2.167468547821045,30,10,5,5,0.7248867846850556,0.7285714285714285,False
8,128,random,14,2.1564786434173584,29,10,5,5,0.7378550843968712,0.7872787155207904,False
8,128,random,15,2.057936906814575,25,10,5,5,0.7206875257307535,0.7993001235076163,False
8,128,random,16,2.137376308441162,29,10,5,5,0.706154796212433,0.7861671469740634,False
8,128,random,17,1.985594630241394,19,10,5,5,0.6519555372581309,0.7177850967476328,False
8,128,random,18,2.1197803020477295,25,10,5,5,0.7155619596541787,0.7888431453272952,False
8,128,random,19,2.122220754623413,27,10,5,5,0.69055166735282,0.7684232194318649,False
8,128,matched_random,0,2.1455016136169434,48,10,5,5,0.7062783038287361,0.7518731988472622,False
8,128,matched_random,1,2.0976741313934326,51,10,5,5,0.6733223548785509,0.7513379991766158,False
8,128,matched_random,2,2.220078945159912,48,10,5,5,0.6879168382050227,0.7290654590366407,False
8,128,matched_random,3,2.138996124267578,52,10,5,5,0.7164882667764512,0.7397694524495677,False
8,128,matched_random,4,2.196716070175171,49,10,5,5,0.7278303828736106,0.7930835734870315,False
8,128,matched_random,5,2.024684429168701,48,10,5,5,0.7121037463976945,0.7649650061753808,False
8,128,matched_random,6,2.0731749534606934,51,10,5,5,0.7250102923013586,0.7856731165088514,False
8,128,matched_random,7,2.1979823112487793,51,10,5,5,0.6495677233429396,0.7130918073281187,False
8,128,matched_random,8,2.1346185207366943,51,10,5,5,0.7293948126801153,0.7709757101687936,False
8,128,matched_random,9,2.227529764175415,51,10,5,5,0.7478180321119803,0.782420749279539,False
8,128,matched_random,10,2.187786102294922,54,10,5,5,0.749382461918485,0.8102099629477151,False
8,128,matched_random,11,2.2637860774993896,52,10,5,5,0.7409839440098807,0.7903664059283657,False
8,128,matched_random,12,2.1986804008483887,52,10,5,5,0.7436187731576781,0.7782626595306711,False
8,128,matched_random,13,2.067817211151123,51,10,5,5,0.6688760806916426,0.7287772745986003,False
8,128,matched_random,14,2.181864023208618,49,10,5,5,0.6605393165911898,0.6907369287772747,False
8,128,matched_random,15,2.2444467544555664,50,10,5,5,0.6963771099217785,0.720872787155208,False
8,128,matched_random,16,2.049870014190674,52,10,5,4,0.7092836558254425,0.704775627830383,False
8,128,matched_random,17,2.057905912399292,52,10,5,5,0.7191848497324002,0.7419925895430218,False
8,128,matched_random,18,2.182056427001953,50,10,5,5,0.7035817208727871,0.7594689172498972,False
8,128,matched_random,19,2.0800139904022217,52,10,5,5,0.693124742692466,0.7637299300123508,False
32,16,fps,0,2.9723987579345703,12,9,5,5,0.515850144092219,0.5419102511321532,False
32,16,fps,1,2.970519542694092,10,10,5,5,0.5191642651296831,0.5787566899958829,False
32,16,fps,2,2.9356324672698975,11,9,5,5,0.5201729106628242,0.5727871552079045,False
32,16,fps,3,2.9239890575408936,11,9,5,5,0.5231165088513792,0.5818443804034583,False
32,16,fps,4,2.8786160945892334,9,10,5,5,0.5787772745986002,0.6044051049814738,False
32,16,fps,5,3.0273046493530273,9,7,5,4,0.5226636475916014,0.6050226430629889,False
32,16,fps,6,2.9574294090270996,10,7,5,4,0.5090778097982709,0.5868258542610127,False
32,16,fps,7,2.947103261947632,8,9,5,5,0.5145738987237546,0.5463565253190613,False
32,16,fps,8,2.966773748397827,9,9,5,5,0.5269246603540552,0.569658295594895,False
32,16,fps,9,2.951827049255371,10,9,5,5,0.5083161794977357,0.6122272540139975,False
32,16,fps,10,2.9735655784606934,9,8,5,5,0.5086249485384932,0.584149855907781,False
32,16,fps,11,3.0054445266723633,11,9,5,5,0.521613832853026,0.6023054755043228,False
32,16,fps,12,2.939038038253784,10,9,5,5,0.5220461095100865,0.5925895430218197,False
32,16,fps,13,2.816328287124634,11,9,5,5,0.5197200494030465,0.5739810621655003,False
32,16,fps,14,2.9826369285583496,10,9,5,5,0.5075133799917662,0.5564429806504734,False
32,16,fps,15,2.9749398231506348,10,7,5,4,0.5263071222725402,0.5587896253602306,False
32,16,fps,16,2.996546745300293,11,9,5,4,0.5202346644709758,0.5952243721696172,False
32,16,fps,17,2.962106943130493,9,8,5,5,0.49792095512556606,0.5227665706051874,False
32,16,fps,18,2.916718006134033,9,9,5,5,0.5158913132976534,0.5857966241251544,False
32,16,fps,19,2.975670337677002,9,8,5,4,0.5254837381638535,0.601605599011939,False
32,16,kmedoid,0,1.8433376550674438,2,8,5,4,0.6057019349526553,0.793742280773981,False
32,16,kmedoid,1,1.7316389083862305,3,9,4,5,0.5614862083161796,0.561053931659119,False
32,16,kmedoid,2,1.7851825952529907,2,9,5,5,0.5984355701934952,0.6806916426512969,False
32,16,kmedoid,3,1.9374293088912964,1,9,5,5,0.5513791683820503,0.5934952655413751,False
32,16,kmedoid,4,1.938065767288208,2,9,4,5,0.5646768217373405,0.6311239193083573,False
32,16,random,0,1.770135521888733,2,7,5,5,0.5756278303828736,0.6280362289007821,False
32,16,random,1,1.8393837213516235,2,7,3,3,0.5782009057225196,0.6404693289419514,False
32,16,random,2,1.5844088792800903,5,8,3,3,0.5602923013585838,0.5852202552490737,False
32,16,random,3,1.5092384815216064,2,8,3,3,0.5540345821325648,0.592507204610951,False
32,16,random,4,1.8886021375656128,5,6,5,5,0.6624331000411692,0.7390284067517497,False
32,16,random,5,1.575974464416504,1,9,4,4,0.5495677233429395,0.5602305475504323,False
32,16,random,6,1.9000778198242188,5,8,5,5,0.6130506381226842,0.6795800741045698,False
32,16,random,7,2.084153652191162,2,7,4,4,0.5298888431453272,0.5812680115273776,False
32,16,random,8,1.5263909101486206,3,7,4,4,0.5285920131741457,0.48452037875669,False
32,16,random,9,2.0619993209838867,2,7,4,4,0.5569575957184026,0.5554960889254837,False
32,16,random,10,1.6064053773880005,3,9,3,3,0.564738575545492,0.5894606834088102,False
32,16,random,11,1.9092814922332764,2,8,4,4,0.5642239604775627,0.6531906134211609,False
32,16,random,12,2.0298595428466797,1,8,4,4,0.5273363524083985,0.4862494853849321,False
32,16,random,13,1.5917773246765137,2,8,3,3,0.6711198023878139,0.6945656648826678,False
32,16,random,14,1.627743124961853,3,7,4,4,0.506401811445039,0.5333058871963771,False
32,16,random,15,1.6089459657669067,3,8,4,4,0.6217579250720462,0.6315356113627006,False
32,16,random,16,1.5878459215164185,3,8,3,3,0.6584808563194731,0.7205434335117333,False
32,16,random,17,1.594059705734253,3,10,4,3,0.6449979415397282,0.6922190201729107,False
32,16,random,18,1.6032865047454834,3,7,5,4,0.5793948126801153,0.6052284890901606,False
32,16,random,19,1.6230974197387695,4,8,4,4,0.6522025524907369,0.652079044874434,False
32,16,matched_random,0,1.8050090074539185,12,10,5,4,0.5475916014820914,0.6047756278303829,False
32,16,matched_random,1,1.8267457485198975,10,8,5,4,0.6022231370934541,0.6172910662824208,False
32,16,matched_random,2,1.712406039237976,11,9,4,3,0.6389872375463153,0.6713874022231371,False
32,16,matched_random,3,1.9258848428726196,11,8,5,5,0.5249897076986414,0.6259365994236311,False
32,16,matched_random,4,1.9014211893081665,9,7,4,5,0.6254013997529848,0.6855907780979827,False
32,16,matched_random,5,1.8954551219940186,9,8,5,4,0.6015850144092219,0.6505969534787979,False
32,16,matched_random,6,1.829276442527771,10,8,5,4,0.5364965006175381,0.583902840675175,False
32,16,matched_random,7,1.640235185623169,8,8,3,3,0.6357554549197201,0.7030465212021407,False
32,16,matched_random,8,1.7993654012680054,9,8,5,3,0.6436805269658296,0.6696994648003293,False
32,16,matched_random,9,1.7326972484588623,10,9,5,3,0.5985796624125155,0.65356113627007,False
32,16,matched_random,10,1.719376802444458,9,8,3,3,0.6620625771922601,0.7259777686290655,False
32,16,matched_random,11,1.7633332014083862,11,8,5,4,0.5601893783449979,0.6047344586249486,False
32,16,matched_random,12,2.1350767612457275,10,9,3,4,0.6295183202964183,0.693371757925072,False
32,16,matched_random,13,1.8587779998779297,11,8,5,4,0.6591601482091396,0.6633182379580075,False
32,16,matched_random,14,1.7518080472946167,10,6,4,3,0.689563606422396,0.752820090572252,False
32,16,matched_random,15,1.9979946613311768,10,8,5,5,0.5425277892136682,0.6153149444215726,False
32,16,matched_random,16,1.7535862922668457,11,7,5,4,0.5318649650061753,0.5359818855496089,False
32,16,matched_random,17,1.7330955266952515,9,8,5,4,0.6143680526965829,0.6088102099629478,False
32,16,matched_random,18,1.7604246139526367,9,8,5,4,0.6606216550020585,0.7350349938246192,False
32,16,matched_random,19,1.8196654319763184,9,7,4,4,0.5855496088925484,0.6513791683820502,False
32,32,fps,0,2.8567075729370117,19,10,5,5,0.5418279127212845,0.6123507616303006,False
32,32,fps,1,2.9255383014678955,17,10,5,5,0.5465829559489501,0.6051049814738576,False
32,32,fps,2,2.927469253540039,19,10,5,5,0.5378139151914368,0.5856731165088513,False
32,32,fps,3,2.9133176803588867,17,10,5,5,0.5423219431864965,0.5930835734870317,False
32,32,fps,4,2.8092687129974365,17,10,5,5,0.5584191025113215,0.6208727871552079,False
32,32,fps,5,2.8271191120147705,19,8,5,5,0.6030876904075751,0.6254013997529848,False
32,32,fps,6,2.854452610015869,17,9,5,5,0.5903664059283655,0.6018526142445451,False
32,32,fps,7,2.9055564403533936,19,10,5,5,0.5393783449979416,0.5995471387402224,False
32,32,fps,8,2.9100348949432373,18,10,5,5,0.5292918896665295,0.5900370522848909,False
32,32,fps,9,2.8158249855041504,19,10,5,5,0.577274598600247,0.5827089337175791,False
32,32,fps,10,2.943122625350952,18,10,5,5,0.532420749279539,0.5732811856731166,False
32,32,fps,11,2.926058530807495,19,10,5,5,0.5200905722519555,0.590654590366406,False
32,32,fps,12,2.9113943576812744,18,10,5,5,0.5392548373816386,0.6131329765335529,False
32,32,fps,13,2.948711633682251,18,10,5,5,0.539069575957184,0.5985179086043639,False
32,32,fps,14,2.905008316040039,18,10,5,5,0.5406957595718402,0.5990531082750103,False
32,32,fps,15,2.9156200885772705,17,9,5,5,0.5508439687114038,0.6072457801564429,False
32,32,fps,16,2.9447758197784424,18,10,5,5,0.523219431864965,0.6097982708933717,False
32,32,fps,17,2.9342293739318848,19,10,5,5,0.5159530671058049,0.5686290654590367,False
32,32,fps,18,2.882091522216797,19,10,5,5,0.5349320708110333,0.6000823384108687,False
32,32,fps,19,2.798994541168213,19,9,5,5,0.6102305475504323,0.6254425689584191,False
32,32,kmedoid,0,2.136568307876587,6,9,5,5,0.6609098394400987,0.6568135034993824,False
32,32,kmedoid,1,2.0302541255950928,6,10,5,5,0.6068340881020996,0.684273363524084,False
32,32,kmedoid,2,2.109508514404297,5,9,4,5,0.5835940716344175,0.6569370111156856,False
32,32,kmedoid,3,2.0245280265808105,4,9,5,5,0.5953067105804858,0.717332235487855,False
32,32,kmedoid,4,1.9890339374542236,4,10,5,5,0.625689584191025,0.7303828736105393,False
32,32,random,0,1.8538793325424194,5,9,5,5,0.5696171263894607,0.643104158089749,False
32,32,random,1,1.7909612655639648,9,9,3,3,0.6164265129682998,0.5834499794153973,False
32,32,random,2,1.8827521800994873,6,8,4,5,0.6319884726224784,0.6856731165088514,False
32,32,random,3,1.899766445159912,5,9,5,5,0.6027171675586661,0.6246603540551667,False
32,32,random,4,1.8574163913726807,7,10,5,5,0.5889872375463153,0.6449156031288596,False
32,32,random,5,1.7013840675354004,5,9,5,4,0.5817826265953068,0.5975710168793743,False
32,32,random,6,1.9416437149047852,9,10,5,5,0.6120419925895431,0.6631535611362701,False
32,32,random,7,1.6421923637390137,3,10,4,4,0.571243310004117,0.6418279127212845,False
32,32,random,8,1.6870219707489014,6,10,4,4,0.7011939069575958,0.7418690819267187,False
32,32,random,9,1.876123309135437,6,9,5,5,0.574454508027995,0.5944421572663647,False
32,32,random,10,1.801538109779358,6,9,3,4,0.6445862494853849,0.7577603952243721,False
32,32,random,11,1.929888129234314,7,9,4,5,0.6936187731576781,0.7466447097571017,False
32,32,random,12,1.7395952939987183,9,10,4,3,0.6262041992589543,0.6616714697406341,False
32,32,random,13,1.9539541006088257,5,9,4,4,0.6389872375463153,0.6765747221078634,False
32,32,random,14,1.9209260940551758,7,9,4,5,0.6795183202964183,0.7263071222725401,False
32,32,random,15,1.963976502418518,7,9,4,4,0.5639769452449568,0.6558666117743928,False
32,32,random,16,1.6526790857315063,8,8,4,4,0.6161794977356937,0.6260601070399341,False
32,32,random,17,1.9045522212982178,10,9,4,5,0.5684438040345821,0.6331823795800742,False
32,32,random,18,1.9799845218658447,8,9,5,5,0.5859407163441746,0.6596130094689172,False
32,32,random,19,1.8383671045303345,2,9,4,4,0.584273363524084,0.6852614244545079,False
32,32,matched_random,0,1.8558435440063477,19,9,5,3,0.6347262247838616,0.7018526142445451,False
32,32,matched_random,1,1.967488408088684,17,10,5,4,0.7275216138328531,0.776780568135035,False
32,32,matched_random,2,1.8152287006378174,19,9,5,4,0.6285920131741458,0.6839028406751749,False
32,32,matched_random,3,1.8165611028671265,17,9,4,4,0.654919720049403,0.7527789213668177,False
32,32,matched_random,4,2.083385705947876,17,9,5,5,0.6635446685878963,0.6676821737340469,False
32,32,matched_random,5,1.9150069952011108,19,8,4,4,0.6199464800329354,0.6504734458624948,False
32,32,matched_random,6,1.88468337059021,17,10,5,4,0.7247015232606011,0.7623713462330177,False
32,32,matched_random,7,2.1278576850891113,19,10,5,5,0.6685673116508851,0.7330177027583368,False
32,32,matched_random,8,1.8279895782470703,18,9,4,4,0.56424454508028,0.6225607245780157,False
32,32,matched_random,9,1.8967913389205933,19,10,5,4,0.6356113627006998,0.6911897900370523,False
32,32,matched_random,10,1.9055355787277222,18,8,4,4,0.6802799505969535,0.7244133388225606,False
32,32,matched_random,11,1.9433338642120361,19,10,5,4,0.6785302593659942,0.7207081103334706,False
32,32,matched_random,12,1.8118278980255127,18,9,5,4,0.5877521613832852,0.6422807739810621,False
32,32,matched_random,13,2.099788188934326,18,9,5,5,0.6490119390695759,0.7129682997118155,False
32,32,matched_random,14,1.866683006286621,18,10,5,4,0.6528406751749691,0.6841086867023466,False
32,32,matched_random,15,1.9689881801605225,17,10,5,5,0.5858583779333059,0.6650885137916838,False
32,32,matched_random,16,2.069051742553711,18,10,5,5,0.6091601482091396,0.6348291477974475,False
32,32,matched_random,17,1.971008539199829,19,9,5,5,0.6339851790860436,0.6899958830794566,False
32,32,matched_random,18,1.91390860080719,19,10,5,4,0.6572869493618774,0.6862083161794977,False
32,32,matched_random,19,1.9495539665222168,19,9,5,5,0.6933100041169206,0.7706875257307535,False
32,64,fps,0,2.6638457775115967,35,10,5,5,0.6075339645944833,0.625689584191025,False
32,64,fps,1,2.639474630355835,36,10,5,5,0.6189378344997941,0.6449979415397282,False
32,64,fps,2,2.6554884910583496,36,10,5,5,0.6347879785920132,0.6467270481679704,False
32,64,fps,3,2.671501636505127,35,10,5,5,0.6277068752573075,0.6358995471387402,False
32,64,fps,4,2.669398546218872,34,10,5,5,0.6694318649650062,0.6717990942774805,False
32,64,fps,5,2.6683599948883057,35,10,5,5,0.6176204199258954,0.6351585014409221,False
32,64,fps,6,2.6809206008911133,39,10,5,5,0.6476945244956772,0.6476739398929602,False
32,64,fps,7,2.640496015548706,32,10,5,5,0.6146768217373404,0.6340469328941951,False
32,64,fps,8,2.5950074195861816,30,10,5,5,0.665109098394401,0.6489913544668588,False
32,64,fps,9,2.6721842288970947,36,10,5,5,0.6334705640181144,0.6293948126801153,False
32,64,fps,10,2.655456304550171,35,10,5,5,0.5931864965006175,0.6158089748867847,False
32,64,fps,11,2.676823854446411,38,10,5,5,0.5857966241251544,0.6319061342116097,False
32,64,fps,12,2.608464002609253,34,10,5,5,0.6607863318237959,0.6475916014820915,False
32,64,fps,13,2.6613073348999023,36,10,5,5,0.6391107451626183,0.6499794153972829,False
32,64,fps,14,2.618016242980957,37,10,5,5,0.6361053931659119,0.6521613832853025,False
32,64,fps,15,2.6587111949920654,36,10,5,5,0.6103540551667352,0.6326883491148619,False
32,64,fps,16,2.663874387741089,35,10,5,5,0.6291477974475093,0.6420337587484563,False
32,64,fps,17,2.638826847076416,37,10,5,5,0.5943804034582132,0.6263894606834088,False
32,64,fps,18,2.681121349334717,37,10,5,5,0.6302799505969534,0.6625771922601894,False
32,64,fps,19,2.655869483947754,35,10,5,5,0.6176204199258954,0.6366817620419926,False
32,64,kmedoid,0,2.213329792022705,16,10,5,5,0.6013791683820502,0.6927542198435569,False
32,64,kmedoid,1,2.1788628101348877,15,10,5,5,0.6353437628653767,0.6673528200905722,False
32,64,kmedoid,2,2.1905252933502197,15,10,5,5,0.6426101276245368,0.7056813503499383,False
32,64,kmedoid,3,2.211963653564453,17,10,5,5,0.7112803622890078,0.7130094689172499,False
32,64,kmedoid,4,2.154437780380249,15,10,5,5,0.612783038287361,0.700123507616303,False
32,64,random,0,1.8721675872802734,11,10,5,5,0.6693701111568546,0.7375463153561136,False
32,64,random,1,1.8954695463180542,10,9,4,5,0.5879785920131742,0.6918896665294361,False
32,64,random,2,1.9281196594238281,17,10,5,5,0.7235693701111569,0.7551667352820091,False
32,64,random,3,1.9287362098693848,10,10,5,5,0.7035817208727871,0.7711815561959655,False
32,64,random,4,1.8504210710525513,18,10,5,4,0.7106010703993413,0.7675174969123096,False
32,64,random,5,1.9048728942871094,10,10,5,5,0.5985796624125155,0.6659530671058048,False
32,64,random,6,1.823621392250061,15,9,5,4,0.6864141622066694,0.7264306298888431,False
32,64,random,7,1.992942452430725,11,9,5,5,0.6421778509674763,0.7519967064635652,False
32,64,random,8,1.711043357849121,11,10,4,4,0.6893577603952243,0.7631123919308358,False
32,64,random,9,1.9089784622192383,12,9,5,5,0.6168587896253602,0.6782214903252368,False
32,64,random,10,1.7001105546951294,10,10,5,4,0.7077809798270893,0.7736105393165913,False
32,64,random,11,1.7728580236434937,11,10,5,4,0.6481268011527377,0.7051049814738575,False
32,64,random,12,2.154834508895874,18,9,5,5,0.6733223548785509,0.6910662824207493,False
32,64,random,13,1.8877460956573486,17,9,4,5,0.7106010703993413,0.7184438040345821,False
32,64,random,14,1.8230856657028198,15,10,5,5,0.6618567311650885,0.7195553725813092,False
32,64,random,15,1.8669617176055908,15,10,5,5,0.6866611774392755,0.727006998764924,False
32,64,random,16,1.9054648876190186,17,10,5,5,0.725195553725813,0.7567723342939482,False
32,64,random,17,1.916262149810791,11,10,5,5,0.6443186496500617,0.6652943598188555,False
32,64,random,18,1.9602595567703247,20,10,5,5,0.6306504734458624,0.6906957595718404,False
32,64,random,19,1.8871408700942993,11,10,5,5,0.6107863318237958,0.65726636475916,False
32,64,matched_random,0,2.198542594909668,35,10,5,5,0.7022025524907369,0.7530259365994236,False
32,64,matched_random,1,2.1770095825195312,36,10,5,5,0.6765747221078633,0.7013174145738987,False
32,64,matched_random,2,1.9657124280929565,36,10,5,4,0.6987031700288184,0.7732811856731167,False
32,64,matched_random,3,2.0868563652038574,35,10,5,5,0.6851585014409222,0.7046932894195141,False
32,64,matched_random,4,2.263775110244751,34,10,5,5,0.6183202964182791,0.6821737340469329,False
32,64,matched_random,5,2.066373109817505,35,10,5,5,0.6990736928777275,0.6839851790860436,False
32,64,matched_random,6,2.253617286682129,39,10,5,5,0.6663030053519967,0.7053108275010291,False
32,64,matched_random,7,1.940519094467163,32,10,5,4,0.7031494442157267,0.743104158089749,False
32,64,matched_random,8,2.0179197788238525,30,10,5,5,0.6709962947715109,0.7113215314944421,False
32,64,matched_random,9,2.242371082305908,36,10,5,5,0.67013174145739,0.7209551255660767,False
32,64,matched_random,10,2.08266019821167,35,10,5,5,0.6377933305887197,0.6830794565664883,False
32,64,matched_random,11,2.0797228813171387,38,10,5,5,0.6862289007822149,0.7320296418279127,False
32,64,matched_random,12,1.9930273294448853,34,10,5,4,0.6659324825030877,0.6943186496500617,False
32,64,matched_random,13,2.0166099071502686,36,10,5,5,0.6311650885137916,0.6766570605187319,False
32,64,matched_random,14,2.221919059753418,37,9,5,5,0.7266364759160149,0.7267188143268835,False
32,64,matched_random,15,2.2421820163726807,36,10,5,5,0.696562371346233,0.7119390695759571,False
32,64,matched_random,16,1.8905744552612305,35,10,5,4,0.6731988472622479,0.7025524907369287,False
32,64,matched_random,17,2.0301406383514404,37,10,5,5,0.6896047756278304,0.7305475504322767,False
32,64,matched_random,18,2.001800775527954,37,10,5,4,0.6517085220255249,0.6994236311239193,False
32,64,matched_random,19,2.1173946857452393,35,10,5,5,0.6576574722107864,0.6988472622478387,False
32,128,fps,0,2.39782977104187,54,10,5,5,0.6879785920131741,0.6970769864141622,False
32,128,fps,1,2.411696434020996,58,10,5,5,0.6763894606834089,0.6719226018937835,False
32,128,fps,2,2.4086873531341553,57,10,5,5,0.6722519555372581,0.6875257307533964,False
32,128,fps,3,2.392472743988037,57,10,5,5,0.680712227254014,0.6936599423631123,False
32,128,fps,4,2.3987960815429688,56,10,5,5,0.6866611774392755,0.7041992589543022,False
32,128,fps,5,2.408634662628174,57,10,5,5,0.672128447920955,0.6969123095924249,False
32,128,fps,6,2.3989999294281006,55,10,5,5,0.6923631123919308,0.6916014820913956,False
32,128,fps,7,2.3902390003204346,56,10,5,5,0.6519555372581309,0.6743515850144093,False
32,128,fps,8,2.3983614444732666,55,10,5,5,0.7010086455331412,0.6925895430218196,False
32,128,fps,9,2.4009957313537598,55,10,5,5,0.6879785920131741,0.6821325648414985,False
32,128,fps,10,2.410449266433716,56,10,5,5,0.6564018114450391,0.6727459860024702,False
32,128,fps,11,2.411226272583008,55,10,5,5,0.6851585014409222,0.6767393989296007,False
32,128,fps,12,2.41226863861084,55,10,5,5,0.6852202552490737,0.6911897900370522,False
32,128,fps,13,2.446593761444092,54,10,5,5,0.6966241251543845,0.6908604363935775,False
32,128,fps,14,2.405717134475708,55,10,5,5,0.683779333058872,0.6874022231370935,False
32,128,fps,15,2.4086673259735107,55,10,5,5,0.6909221902017291,0.6805269658295595,False
32,128,fps,16,2.4033780097961426,55,10,5,5,0.6722519555372581,0.6819678880197613,False
32,128,fps,17,2.4072208404541016,58,10,5,5,0.6374845615479621,0.6659530671058048,False
32,128,fps,18,2.3993401527404785,58,10,5,5,0.6807739810621655,0.7024701523260601,False
32,128,fps,19,2.4024481773376465,57,10,5,5,0.6778921366817621,0.700123507616303,False
32,128,kmedoid,0,2.213402271270752,36,10,5,5,0.6941128036228901,0.7,False
32,128,kmedoid,1,2.184905529022217,38,10,5,5,0.6912309592424866,0.7137093454096335,False
32,128,kmedoid,2,2.237889051437378,42,10,5,5,0.7140386990531082,0.7340881020996294,False
32,128,kmedoid,3,2.225698471069336,38,10,5,5,0.702573075339646,0.7231370934540964,False
32,128,kmedoid,4,2.1855788230895996,40,10,5,5,0.7054549197200495,0.7557019349526554,False
32,128,random,0,1.9668474197387695,25,10,5,5,0.6607245780156443,0.7149444215726637,False
32,128,random,1,1.931786060333252,28,10,5,5,0.7035817208727871,0.7103746397694524,False
32,128,random,2,1.893379807472229,25,10,5,5,0.6735076163030054,0.702964182791272,False
32,128,random,3,2.0066871643066406,24,10,5,5,0.730712227254014,0.8104158089748867,False
32,128,random,4,1.876768946647644,23,10,5,5,0.6924866200082338,0.7455331412103746,False
32,128,random,5,2.0681443214416504,24,9,5,5,0.7150473445862495,0.7533964594483327,False
32,128,random,6,2.0073585510253906,25,10,5,5,0.6735693701111568,0.7170852202552492,False
32,128,random,7,2.023257255554199,22,10,5,5,0.7209345409633594,0.7667352820090573,False
32,128,random,8,1.9798043966293335,25,10,5,5,0.7253808151502676,0.7566488266776451,False
32,128,random,9,1.9137458801269531,25,10,5,5,0.717929188966653,0.7585014409221903,False
32,128,random,10,1.8757808208465576,22,10,5,5,0.6664265129682997,0.6747632770687525,False
32,128,random,11,1.938891887664795,30,10,5,5,0.7138534376286538,0.7832441333882256,False
32,128,random,12,1.9419983625411987,25,9,5,5,0.7148003293536436,0.7852202552490737,False
32,128,random,13,2.0591533184051514,30,10,5,5,0.7248867846850556,0.7285714285714285,False
32,128,random,14,2.032682418823242,29,10,5,5,0.7378550843968712,0.7872787155207904,False
32,128,random,15,1.9395225048065186,25,10,5,5,0.7206875257307535,0.7993001235076163,False
32,128,random,16,2.0209782123565674,29,10,5,5,0.706154796212433,0.7861671469740634,False
32,128,random,17,1.8730031251907349,19,10,5,5,0.6519555372581309,0.7177850967476328,False
32,128,random,18,2.006019115447998,25,10,5,5,0.7155619596541787,0.7888431453272952,False
32,128,random,19,2.0035221576690674,27,10,5,5,0.69055166735282,0.7684232194318649,False
32,128,matched_random,0,2.057234048843384,54,10,5,5,0.6877315767805681,0.7559489501852614,False
32,128,matched_random,1,2.0131642818450928,58,10,5,5,0.7129888843145327,0.8016673528200905,False
32,128,matched_random,2,2.054319381713867,57,10,5,5,0.69055166735282,0.7512144915603128,False
32,128,matched_random,3,2.0213117599487305,57,10,5,5,0.6793948126801153,0.7239193083573487,False
32,128,matched_random,4,2.0127007961273193,56,10,5,5,0.6976945244956771,0.7583367641004528,False
32,128,matched_random,5,2.054692029953003,57,10,5,5,0.680588719637711,0.7098806093042404,False
32,128,matched_random,6,1.9534423351287842,55,10,5,4,0.7218196788801976,0.77369287772746,False
32,128,matched_random,7,2.1697332859039307,56,10,5,5,0.696562371346233,0.7139151914368053,False
32,128,matched_random,8,2.0299875736236572,55,10,5,5,0.6919308357348704,0.7440098806093043,False
32,128,matched_random,9,2.1185476779937744,55,10,5,5,0.7137299300123507,0.7467270481679703,False
32,128,matched_random,10,2.0947864055633545,56,10,5,5,0.749505969534788,0.82136681762042,False
32,128,matched_random,11,2.0223870277404785,55,10,5,5,0.7418690819267189,0.7855496088925484,False
32,128,matched_random,12,2.1228175163269043,55,10,5,5,0.7679909427748044,0.8267599835323178,False
32,128,matched_random,13,2.119291305541992,54,10,5,5,0.6977562783038287,0.744215726636476,False
32,128,matched_random,14,1.9983655214309692,55,10,5,5,0.6990736928777275,0.7272128447920956,False
32,128,matched_random,15,2.0556514263153076,55,10,5,5,0.7310209962947716,0.783038287361054,False
32,128,matched_random,16,1.9866056442260742,55,10,5,4,0.6745780156442981,0.6920955125566076,False
32,128,matched_random,17,2.0914673805236816,58,10,5,5,0.7150473445862495,0.747797447509263,False
32,128,matched_random,18,2.212388038635254,58,10,5,5,0.7150473445862495,0.747406340057637,False
32,128,matched_random,19,1.9679272174835205,57,10,5,5,0.6730753396459448,0.7449156031288596,False
